Alexandria,3761 N. 14th St,1 (11) 543 535-0162,Alexandria                    ,New South Wales
Coffs Harbour,2243 W St.,1 (11) 543 535-0110,Coffs Harbour                 ,New South Wales
Darlinghurst,5844 Linden Land,1 (11) 543 535-0184,Darlinghurst                  ,New South Wales
Goulburn,1825 Village Pl.,1 (11) 543 535-0162,Goulburn                      ,New South Wales
Lane Cove,7553 Harness Circle,1 (11) 543 535-0131,Lane Cove                     ,New South Wales
Lavender Bay,7305 Humphrey Drive,1 (11) 543 535-0151,Lavender Bay                  ,New South Wales
Malabar,2612 Berry Dr,1 (11) 543 535-0184,Malabar                       ,New South Wales
Matraville,942 Brook Street,1 (11) 543 535-0126,Matraville                    ,New South Wales
Milsons Point,624 Peabody Road,1 (11) 543 535-0164,Milsons Point                 ,New South Wales
Newcastle,3839 Northgate Road,1 (11) 543 535-0110,Newcastle                     ,New South Wales
North Ryde,7800 Corrinne Court,1 (11) 543 535-0169,North Ryde                    ,New South Wales
North Sydney,1224 Shoenic,1 (11) 543 535-0117,North Sydney                  ,New South Wales
Port Macquarie,4785 Scott Street,717-535-0164,Port Macquarie                ,New South Wales
Rhodes,7902 Hudson Ave.,817-535-0185,Rhodes                        ,New South Wales
Silverwater,9011 Tank Drive,431-535-0156,Silverwater                   ,New South Wales
Springwood,244 Willow Pass Road,208-535-0142,Springwood                    ,New South Wales
St. Leonards,9666 Northridge Ct.,135-535-0171,St. Leonards                  ,New South Wales
Sydney,7330 Saddlehill Lane,1 (11) 543 535-0195,Sydney                        ,New South Wales
Wollongong,244 Rivewview,1 (11) 543 535-0137,Wollongong                    ,New South Wales
Brisbane,7832 Landing Dr,262-535-0112,Brisbane                      ,Queensland
Caloundra,7156 Rose Dr.,550-535-0163,Caloundra                     ,Queensland
East Brisbane,8148 W. Lake Dr.,622-535-0158,East Brisbane                 ,Queensland
Gold Coast,1769 Nicholas Drive,589-535-0185,Gold Coast                    ,Queensland
Hawthorne,4499 Valley Crest,452-535-0188,Hawthorne                     ,Queensland
Hervey Bay,8734 Oxford Place,746-535-0186,Hervey Bay                    ,Queensland
Rockhampton,2596 Franklin Canyon Road,1 (11) 543 535-0178,Rockhampton                   ,Queensland
Townsville,8211 Leeds Ct.,1 (11) 543 535-0131,Townsville                    ,Queensland
Cloverdale,213 Valencia Place,1 (11) 543 535-0184,Cloverdale                    ,South Australia
Findon,9111 Rose Ann Ave,1 (11) 543 535-0116,Findon                        ,South Australia
Perth,6385 Mark Twain,1 (11) 543 535-0146,Perth                         ,South Australia
Hobart,636 Vine Hill Way,1 (11) 543 535-0182,Hobart                        ,Tasmania
Bendigo,6465 Detroit Ave.,1 (11) 543 535-0195,Bendigo                       ,Victoria
Cranbourne,626 Bentley Street,1 (11) 543 535-0169,Cranbourne                    ,Victoria
Geelong,5927 Rainbow Dr,1 (11) 543 535-0137,Geelong                       ,Victoria
Melbourne,5167 Condor Place,1 (11) 543 535-0136,Melbourne                     ,Victoria
Melton,1873 Mt. Whitney Dr,1 (11) 543 535-0177,Melton                        ,Victoria
Seaford,3981 Augustine Drive,115-535-0183,Seaford                       ,Victoria
South Melbourne,8915 Woodside Way,229-535-0112,South Melbourne               ,Victoria
Sunbury,8357 Sandy Cove Lane,1 (11) 543 535-0114,Sunbury                       ,Victoria
Warrnambool,9353 Creekside Dr.,1 (11) 543 535-0183,Warrnambool                   ,Victoria
,NULL,NULL,NULL,NULL
